<?xml version="1.0" encoding="utf-8" ?>
<resources>
    <!-- 基础应用主题 -->
    <style name="AppTheme" parent="Theme.MaterialComponents.Light.DarkActionBar">
        <item name="colorPrimary">@color/colorPrimary</item>
        <item name="colorPrimaryDark">@color/colorPrimaryDark</item>
        <item name="colorAccent">@color/colorAccent</item>
    </style>

    <!-- 无标题栏的主题 -->
    <style name="AppTheme.NoActionBar">
        <item name="windowActionBar">false</item>
        <item name="windowNoTitle">true</item>
        <item name="android:windowFullscreen">true</item>
        <item name="android:windowContentOverlay">@null</item>
        <item name="android:windowTranslucentStatus">true</item>
        <item name="android:windowTranslucentNavigation">true</item>
        <item name="android:fitsSystemWindows">false</item>
    </style>

    <!-- 主题 -->
    <style name="MainTheme" parent="AppTheme.NoActionBar">
        <item name="android:statusBarColor">@android:color/transparent</item>
        <item name="android:navigationBarColor">@android:color/transparent</item>
        <item name="android:windowLightStatusBar">true</item>
    </style>
</resources> 